-- phpMyAdmin SQL Dump
-- version 4.8.0.1
-- https://www.phpmyadmin.net/
--
-- Host: 127.0.0.1
-- Generation Time: Apr 28, 2020 at 11:24 AM
-- Server version: 10.1.32-MariaDB
-- PHP Version: 5.6.36

SET SQL_MODE = "NO_AUTO_VALUE_ON_ZERO";
SET AUTOCOMMIT = 0;
START TRANSACTION;
SET time_zone = "+00:00";


/*!40101 SET @OLD_CHARACTER_SET_CLIENT=@@CHARACTER_SET_CLIENT */;
/*!40101 SET @OLD_CHARACTER_SET_RESULTS=@@CHARACTER_SET_RESULTS */;
/*!40101 SET @OLD_COLLATION_CONNECTION=@@COLLATION_CONNECTION */;
/*!40101 SET NAMES utf8mb4 */;

--
-- Database: `db_puskesmas`
--

DELIMITER $$
--
-- Procedures
--
CREATE DEFINER=`root`@`localhost` PROCEDURE `fill_calendar` (`start_date` DATE, `end_date` DATE)  BEGIN
 DECLARE crt_date DATE;
 SET crt_date=start_date;
 WHILE crt_date < end_date DO
 INSERT INTO calendar VALUES(crt_date);
 SET crt_date = ADDDATE(crt_date, INTERVAL 1 DAY);
 END WHILE;
END$$

DELIMITER ;

-- --------------------------------------------------------

--
-- Table structure for table `calendar`
--

CREATE TABLE `calendar` (
  `datefield` date DEFAULT NULL
) ENGINE=InnoDB DEFAULT CHARSET=latin1;

--
-- Dumping data for table `calendar`
--

INSERT INTO `calendar` (`datefield`) VALUES
('2019-01-01'),
('2019-01-02'),
('2019-01-03'),
('2019-01-04'),
('2019-01-05'),
('2019-01-06'),
('2019-01-07'),
('2019-01-08'),
('2019-01-09'),
('2019-01-10'),
('2019-01-11'),
('2019-01-12'),
('2019-01-13'),
('2019-01-14'),
('2019-01-15'),
('2019-01-16'),
('2019-01-17'),
('2019-01-18'),
('2019-01-19'),
('2019-01-20'),
('2019-01-21'),
('2019-01-22'),
('2019-01-23'),
('2019-01-24'),
('2019-01-25'),
('2019-01-26'),
('2019-01-27'),
('2019-01-28'),
('2019-01-29'),
('2019-01-30'),
('2019-01-31'),
('2019-02-01'),
('2019-02-02'),
('2019-02-03'),
('2019-02-04'),
('2019-02-05'),
('2019-02-06'),
('2019-02-07'),
('2019-02-08'),
('2019-02-09'),
('2019-02-10'),
('2019-02-11'),
('2019-02-12'),
('2019-02-13'),
('2019-02-14'),
('2019-02-15'),
('2019-02-16'),
('2019-02-17'),
('2019-02-18'),
('2019-02-19'),
('2019-02-20'),
('2019-02-21'),
('2019-02-22'),
('2019-02-23'),
('2019-02-24'),
('2019-02-25'),
('2019-02-26'),
('2019-02-27'),
('2019-02-28'),
('2019-03-01'),
('2019-03-02'),
('2019-03-03'),
('2019-03-04'),
('2019-03-05'),
('2019-03-06'),
('2019-03-07'),
('2019-03-08'),
('2019-03-09'),
('2019-03-10'),
('2019-03-11'),
('2019-03-12'),
('2019-03-13'),
('2019-03-14'),
('2019-03-15'),
('2019-03-16'),
('2019-03-17'),
('2019-03-18'),
('2019-03-19'),
('2019-03-20'),
('2019-03-21'),
('2019-03-22'),
('2019-03-23'),
('2019-03-24'),
('2019-03-25'),
('2019-03-26'),
('2019-03-27'),
('2019-03-28'),
('2019-03-29'),
('2019-03-30'),
('2019-03-31'),
('2019-04-01'),
('2019-04-02'),
('2019-04-03'),
('2019-04-04'),
('2019-04-05'),
('2019-04-06'),
('2019-04-07'),
('2019-04-08'),
('2019-04-09'),
('2019-04-10'),
('2019-04-11'),
('2019-04-12'),
('2019-04-13'),
('2019-04-14'),
('2019-04-15'),
('2019-04-16'),
('2019-04-17'),
('2019-04-18'),
('2019-04-19'),
('2019-04-20'),
('2019-04-21'),
('2019-04-22'),
('2019-04-23'),
('2019-04-24'),
('2019-04-25'),
('2019-04-26'),
('2019-04-27'),
('2019-04-28'),
('2019-04-29'),
('2019-04-30'),
('2019-05-01'),
('2019-05-02'),
('2019-05-03'),
('2019-05-04'),
('2019-05-05'),
('2019-05-06'),
('2019-05-07'),
('2019-05-08'),
('2019-05-09'),
('2019-05-10'),
('2019-05-11'),
('2019-05-12'),
('2019-05-13'),
('2019-05-14'),
('2019-05-15'),
('2019-05-16'),
('2019-05-17'),
('2019-05-18'),
('2019-05-19'),
('2019-05-20'),
('2019-05-21'),
('2019-05-22'),
('2019-05-23'),
('2019-05-24'),
('2019-05-25'),
('2019-05-26'),
('2019-05-27'),
('2019-05-28'),
('2019-05-29'),
('2019-05-30'),
('2019-05-31'),
('2019-06-01'),
('2019-06-02'),
('2019-06-03'),
('2019-06-04'),
('2019-06-05'),
('2019-06-06'),
('2019-06-07'),
('2019-06-08'),
('2019-06-09'),
('2019-06-10'),
('2019-06-11'),
('2019-06-12'),
('2019-06-13'),
('2019-06-14'),
('2019-06-15'),
('2019-06-16'),
('2019-06-17'),
('2019-06-18'),
('2019-06-19'),
('2019-06-20'),
('2019-06-21'),
('2019-06-22'),
('2019-06-23'),
('2019-06-24'),
('2019-06-25'),
('2019-06-26'),
('2019-06-27'),
('2019-06-28'),
('2019-06-29'),
('2019-06-30'),
('2019-07-01'),
('2019-07-02'),
('2019-07-03'),
('2019-07-04'),
('2019-07-05'),
('2019-07-06'),
('2019-07-07'),
('2019-07-08'),
('2019-07-09'),
('2019-07-10'),
('2019-07-11'),
('2019-07-12'),
('2019-07-13'),
('2019-07-14'),
('2019-07-15'),
('2019-07-16'),
('2019-07-17'),
('2019-07-18'),
('2019-07-19'),
('2019-07-20'),
('2019-07-21'),
('2019-07-22'),
('2019-07-23'),
('2019-07-24'),
('2019-07-25'),
('2019-07-26'),
('2019-07-27'),
('2019-07-28'),
('2019-07-29'),
('2019-07-30'),
('2019-07-31'),
('2019-08-01'),
('2019-08-02'),
('2019-08-03'),
('2019-08-04'),
('2019-08-05'),
('2019-08-06'),
('2019-08-07'),
('2019-08-08'),
('2019-08-09'),
('2019-08-10'),
('2019-08-11'),
('2019-08-12'),
('2019-08-13'),
('2019-08-14'),
('2019-08-15'),
('2019-08-16'),
('2019-08-17'),
('2019-08-18'),
('2019-08-19'),
('2019-08-20'),
('2019-08-21'),
('2019-08-22'),
('2019-08-23'),
('2019-08-24'),
('2019-08-25'),
('2019-08-26'),
('2019-08-27'),
('2019-08-28'),
('2019-08-29'),
('2019-08-30'),
('2019-08-31'),
('2019-09-01'),
('2019-09-02'),
('2019-09-03'),
('2019-09-04'),
('2019-09-05'),
('2019-09-06'),
('2019-09-07'),
('2019-09-08'),
('2019-09-09'),
('2019-09-10'),
('2019-09-11'),
('2019-09-12'),
('2019-09-13'),
('2019-09-14'),
('2019-09-15'),
('2019-09-16'),
('2019-09-17'),
('2019-09-18'),
('2019-09-19'),
('2019-09-20'),
('2019-09-21'),
('2019-09-22'),
('2019-09-23'),
('2019-09-24'),
('2019-09-25'),
('2019-09-26'),
('2019-09-27'),
('2019-09-28'),
('2019-09-29'),
('2019-09-30'),
('2019-10-01'),
('2019-10-02'),
('2019-10-03'),
('2019-10-04'),
('2019-10-05'),
('2019-10-06'),
('2019-10-07'),
('2019-10-08'),
('2019-10-09'),
('2019-10-10'),
('2019-10-11'),
('2019-10-12'),
('2019-10-13'),
('2019-10-14'),
('2019-10-15'),
('2019-10-16'),
('2019-10-17'),
('2019-10-18'),
('2019-10-19'),
('2019-10-20'),
('2019-10-21'),
('2019-10-22'),
('2019-10-23'),
('2019-10-24'),
('2019-10-25'),
('2019-10-26'),
('2019-10-27'),
('2019-10-28'),
('2019-10-29'),
('2019-10-30'),
('2019-10-31'),
('2019-11-01'),
('2019-11-02'),
('2019-11-03'),
('2019-11-04'),
('2019-11-05'),
('2019-11-06'),
('2019-11-07'),
('2019-11-08'),
('2019-11-09'),
('2019-11-10'),
('2019-11-11'),
('2019-11-12'),
('2019-11-13'),
('2019-11-14'),
('2019-11-15'),
('2019-11-16'),
('2019-11-17'),
('2019-11-18'),
('2019-11-19'),
('2019-11-20'),
('2019-11-21'),
('2019-11-22'),
('2019-11-23'),
('2019-11-24'),
('2019-11-25'),
('2019-11-26'),
('2019-11-27'),
('2019-11-28'),
('2019-11-29'),
('2019-11-30'),
('2019-12-01'),
('2019-12-02'),
('2019-12-03'),
('2019-12-04'),
('2019-12-05'),
('2019-12-06'),
('2019-12-07'),
('2019-12-08'),
('2019-12-09'),
('2019-12-10'),
('2019-12-11'),
('2019-12-12'),
('2019-12-13'),
('2019-12-14'),
('2019-12-15'),
('2019-12-16'),
('2019-12-17'),
('2019-12-18'),
('2019-12-19'),
('2019-12-20'),
('2019-12-21'),
('2019-12-22'),
('2019-12-23'),
('2019-12-24'),
('2019-12-25'),
('2019-12-26'),
('2019-12-27'),
('2019-12-28'),
('2019-12-29'),
('2019-12-30'),
('2020-01-01'),
('2020-01-02'),
('2020-01-03'),
('2020-01-04'),
('2020-01-05'),
('2020-01-06'),
('2020-01-07'),
('2020-01-08'),
('2020-01-09'),
('2020-01-10'),
('2020-01-11'),
('2020-01-12'),
('2020-01-13'),
('2020-01-14'),
('2020-01-15'),
('2020-01-16'),
('2020-01-17'),
('2020-01-18'),
('2020-01-19'),
('2020-01-20'),
('2020-01-21'),
('2020-01-22'),
('2020-01-23'),
('2020-01-24'),
('2020-01-25'),
('2020-01-26'),
('2020-01-27'),
('2020-01-28'),
('2020-01-29'),
('2020-01-30'),
('2020-01-31'),
('2020-02-01'),
('2020-02-02'),
('2020-02-03'),
('2020-02-04'),
('2020-02-05'),
('2020-02-06'),
('2020-02-07'),
('2020-02-08'),
('2020-02-09'),
('2020-02-10'),
('2020-02-11'),
('2020-02-12'),
('2020-02-13'),
('2020-02-14'),
('2020-02-15'),
('2020-02-16'),
('2020-02-17'),
('2020-02-18'),
('2020-02-19'),
('2020-02-20'),
('2020-02-21'),
('2020-02-22'),
('2020-02-23'),
('2020-02-24'),
('2020-02-25'),
('2020-02-26'),
('2020-02-27'),
('2020-02-28'),
('2020-02-29'),
('2020-03-01'),
('2020-03-02'),
('2020-03-03'),
('2020-03-04'),
('2020-03-05'),
('2020-03-06'),
('2020-03-07'),
('2020-03-08'),
('2020-03-09'),
('2020-03-10'),
('2020-03-11'),
('2020-03-12'),
('2020-03-13'),
('2020-03-14'),
('2020-03-15'),
('2020-03-16'),
('2020-03-17'),
('2020-03-18'),
('2020-03-19'),
('2020-03-20'),
('2020-03-21'),
('2020-03-22'),
('2020-03-23'),
('2020-03-24'),
('2020-03-25'),
('2020-03-26'),
('2020-03-27'),
('2020-03-28'),
('2020-03-29'),
('2020-03-30'),
('2020-03-31'),
('2020-04-01'),
('2020-04-02'),
('2020-04-03'),
('2020-04-04'),
('2020-04-05'),
('2020-04-06'),
('2020-04-07'),
('2020-04-08'),
('2020-04-09'),
('2020-04-10'),
('2020-04-11'),
('2020-04-12'),
('2020-04-13'),
('2020-04-14'),
('2020-04-15'),
('2020-04-16'),
('2020-04-17'),
('2020-04-18'),
('2020-04-19'),
('2020-04-20'),
('2020-04-21'),
('2020-04-22'),
('2020-04-23'),
('2020-04-24'),
('2020-04-25'),
('2020-04-26'),
('2020-04-27'),
('2020-04-28'),
('2020-04-29'),
('2020-04-30'),
('2020-05-01'),
('2020-05-02'),
('2020-05-03'),
('2020-05-04'),
('2020-05-05'),
('2020-05-06'),
('2020-05-07'),
('2020-05-08'),
('2020-05-09'),
('2020-05-10'),
('2020-05-11'),
('2020-05-12'),
('2020-05-13'),
('2020-05-14'),
('2020-05-15'),
('2020-05-16'),
('2020-05-17'),
('2020-05-18'),
('2020-05-19'),
('2020-05-20'),
('2020-05-21'),
('2020-05-22'),
('2020-05-23'),
('2020-05-24'),
('2020-05-25'),
('2020-05-26'),
('2020-05-27'),
('2020-05-28'),
('2020-05-29'),
('2020-05-30'),
('2020-05-31'),
('2020-06-01'),
('2020-06-02'),
('2020-06-03'),
('2020-06-04'),
('2020-06-05'),
('2020-06-06'),
('2020-06-07'),
('2020-06-08'),
('2020-06-09'),
('2020-06-10'),
('2020-06-11'),
('2020-06-12'),
('2020-06-13'),
('2020-06-14'),
('2020-06-15'),
('2020-06-16'),
('2020-06-17'),
('2020-06-18'),
('2020-06-19'),
('2020-06-20'),
('2020-06-21'),
('2020-06-22'),
('2020-06-23'),
('2020-06-24'),
('2020-06-25'),
('2020-06-26'),
('2020-06-27'),
('2020-06-28'),
('2020-06-29'),
('2020-06-30'),
('2020-07-01'),
('2020-07-02'),
('2020-07-03'),
('2020-07-04'),
('2020-07-05'),
('2020-07-06'),
('2020-07-07'),
('2020-07-08'),
('2020-07-09'),
('2020-07-10'),
('2020-07-11'),
('2020-07-12'),
('2020-07-13'),
('2020-07-14'),
('2020-07-15'),
('2020-07-16'),
('2020-07-17'),
('2020-07-18'),
('2020-07-19'),
('2020-07-20'),
('2020-07-21'),
('2020-07-22'),
('2020-07-23'),
('2020-07-24'),
('2020-07-25'),
('2020-07-26'),
('2020-07-27'),
('2020-07-28'),
('2020-07-29'),
('2020-07-30'),
('2020-07-31'),
('2020-08-01'),
('2020-08-02'),
('2020-08-03'),
('2020-08-04'),
('2020-08-05'),
('2020-08-06'),
('2020-08-07'),
('2020-08-08'),
('2020-08-09'),
('2020-08-10'),
('2020-08-11'),
('2020-08-12'),
('2020-08-13'),
('2020-08-14'),
('2020-08-15'),
('2020-08-16'),
('2020-08-17'),
('2020-08-18'),
('2020-08-19'),
('2020-08-20'),
('2020-08-21'),
('2020-08-22'),
('2020-08-23'),
('2020-08-24'),
('2020-08-25'),
('2020-08-26'),
('2020-08-27'),
('2020-08-28'),
('2020-08-29'),
('2020-08-30'),
('2020-08-31'),
('2020-09-01'),
('2020-09-02'),
('2020-09-03'),
('2020-09-04'),
('2020-09-05'),
('2020-09-06'),
('2020-09-07'),
('2020-09-08'),
('2020-09-09'),
('2020-09-10'),
('2020-09-11'),
('2020-09-12'),
('2020-09-13'),
('2020-09-14'),
('2020-09-15'),
('2020-09-16'),
('2020-09-17'),
('2020-09-18'),
('2020-09-19'),
('2020-09-20'),
('2020-09-21'),
('2020-09-22'),
('2020-09-23'),
('2020-09-24'),
('2020-09-25'),
('2020-09-26'),
('2020-09-27'),
('2020-09-28'),
('2020-09-29'),
('2020-09-30'),
('2020-10-01'),
('2020-10-02'),
('2020-10-03'),
('2020-10-04'),
('2020-10-05'),
('2020-10-06'),
('2020-10-07'),
('2020-10-08'),
('2020-10-09'),
('2020-10-10'),
('2020-10-11'),
('2020-10-12'),
('2020-10-13'),
('2020-10-14'),
('2020-10-15'),
('2020-10-16'),
('2020-10-17'),
('2020-10-18'),
('2020-10-19'),
('2020-10-20'),
('2020-10-21'),
('2020-10-22'),
('2020-10-23'),
('2020-10-24'),
('2020-10-25'),
('2020-10-26'),
('2020-10-27'),
('2020-10-28'),
('2020-10-29'),
('2020-10-30'),
('2020-10-31'),
('2020-11-01'),
('2020-11-02'),
('2020-11-03'),
('2020-11-04'),
('2020-11-05'),
('2020-11-06'),
('2020-11-07'),
('2020-11-08'),
('2020-11-09'),
('2020-11-10'),
('2020-11-11'),
('2020-11-12'),
('2020-11-13'),
('2020-11-14'),
('2020-11-15'),
('2020-11-16'),
('2020-11-17'),
('2020-11-18'),
('2020-11-19'),
('2020-11-20'),
('2020-11-21'),
('2020-11-22'),
('2020-11-23'),
('2020-11-24'),
('2020-11-25'),
('2020-11-26'),
('2020-11-27'),
('2020-11-28'),
('2020-11-29'),
('2020-11-30'),
('2020-12-01'),
('2020-12-02'),
('2020-12-03'),
('2020-12-04'),
('2020-12-05'),
('2020-12-06'),
('2020-12-07'),
('2020-12-08'),
('2020-12-09'),
('2020-12-10'),
('2020-12-11'),
('2020-12-12'),
('2020-12-13'),
('2020-12-14'),
('2020-12-15'),
('2020-12-16'),
('2020-12-17'),
('2020-12-18'),
('2020-12-19'),
('2020-12-20'),
('2020-12-21'),
('2020-12-22'),
('2020-12-23'),
('2020-12-24'),
('2020-12-25'),
('2020-12-26'),
('2020-12-27'),
('2020-12-28'),
('2020-12-29'),
('2020-12-30'),
('2020-12-31'),
('2021-01-01'),
('2021-01-02'),
('2021-01-03'),
('2021-01-04'),
('2021-01-05'),
('2021-01-06'),
('2021-01-07'),
('2021-01-08'),
('2021-01-09'),
('2021-01-10'),
('2021-01-11'),
('2021-01-12'),
('2021-01-13'),
('2021-01-14'),
('2021-01-15'),
('2021-01-16'),
('2021-01-17'),
('2021-01-18'),
('2021-01-19'),
('2021-01-20'),
('2021-01-21'),
('2021-01-22'),
('2021-01-23'),
('2021-01-24'),
('2021-01-25'),
('2021-01-26'),
('2021-01-27'),
('2021-01-28'),
('2021-01-29'),
('2021-01-30'),
('2021-01-31'),
('2021-02-01'),
('2021-02-02'),
('2021-02-03'),
('2021-02-04'),
('2021-02-05'),
('2021-02-06'),
('2021-02-07'),
('2021-02-08'),
('2021-02-09'),
('2021-02-10'),
('2021-02-11'),
('2021-02-12'),
('2021-02-13'),
('2021-02-14'),
('2021-02-15'),
('2021-02-16'),
('2021-02-17'),
('2021-02-18'),
('2021-02-19'),
('2021-02-20'),
('2021-02-21'),
('2021-02-22'),
('2021-02-23'),
('2021-02-24'),
('2021-02-25'),
('2021-02-26'),
('2021-02-27'),
('2021-02-28'),
('2021-03-01'),
('2021-03-02'),
('2021-03-03'),
('2021-03-04'),
('2021-03-05'),
('2021-03-06'),
('2021-03-07'),
('2021-03-08'),
('2021-03-09'),
('2021-03-10'),
('2021-03-11'),
('2021-03-12'),
('2021-03-13'),
('2021-03-14'),
('2021-03-15'),
('2021-03-16'),
('2021-03-17'),
('2021-03-18'),
('2021-03-19'),
('2021-03-20'),
('2021-03-21'),
('2021-03-22'),
('2021-03-23'),
('2021-03-24'),
('2021-03-25'),
('2021-03-26'),
('2021-03-27'),
('2021-03-28'),
('2021-03-29'),
('2021-03-30'),
('2021-03-31'),
('2021-04-01'),
('2021-04-02'),
('2021-04-03'),
('2021-04-04'),
('2021-04-05'),
('2021-04-06'),
('2021-04-07'),
('2021-04-08'),
('2021-04-09'),
('2021-04-10'),
('2021-04-11'),
('2021-04-12'),
('2021-04-13'),
('2021-04-14'),
('2021-04-15'),
('2021-04-16'),
('2021-04-17'),
('2021-04-18'),
('2021-04-19'),
('2021-04-20'),
('2021-04-21'),
('2021-04-22'),
('2021-04-23'),
('2021-04-24'),
('2021-04-25'),
('2021-04-26'),
('2021-04-27'),
('2021-04-28'),
('2021-04-29'),
('2021-04-30'),
('2021-05-01'),
('2021-05-02'),
('2021-05-03'),
('2021-05-04'),
('2021-05-05'),
('2021-05-06'),
('2021-05-07'),
('2021-05-08'),
('2021-05-09'),
('2021-05-10'),
('2021-05-11'),
('2021-05-12'),
('2021-05-13'),
('2021-05-14'),
('2021-05-15'),
('2021-05-16'),
('2021-05-17'),
('2021-05-18'),
('2021-05-19'),
('2021-05-20'),
('2021-05-21'),
('2021-05-22'),
('2021-05-23'),
('2021-05-24'),
('2021-05-25'),
('2021-05-26'),
('2021-05-27'),
('2021-05-28'),
('2021-05-29'),
('2021-05-30'),
('2021-05-31'),
('2021-06-01'),
('2021-06-02'),
('2021-06-03'),
('2021-06-04'),
('2021-06-05'),
('2021-06-06'),
('2021-06-07'),
('2021-06-08'),
('2021-06-09'),
('2021-06-10'),
('2021-06-11'),
('2021-06-12'),
('2021-06-13'),
('2021-06-14'),
('2021-06-15'),
('2021-06-16'),
('2021-06-17'),
('2021-06-18'),
('2021-06-19'),
('2021-06-20'),
('2021-06-21'),
('2021-06-22'),
('2021-06-23'),
('2021-06-24'),
('2021-06-25'),
('2021-06-26'),
('2021-06-27'),
('2021-06-28'),
('2021-06-29'),
('2021-06-30'),
('2021-07-01'),
('2021-07-02'),
('2021-07-03'),
('2021-07-04'),
('2021-07-05'),
('2021-07-06'),
('2021-07-07'),
('2021-07-08'),
('2021-07-09'),
('2021-07-10'),
('2021-07-11'),
('2021-07-12'),
('2021-07-13'),
('2021-07-14'),
('2021-07-15'),
('2021-07-16'),
('2021-07-17'),
('2021-07-18'),
('2021-07-19'),
('2021-07-20'),
('2021-07-21'),
('2021-07-22'),
('2021-07-23'),
('2021-07-24'),
('2021-07-25'),
('2021-07-26'),
('2021-07-27'),
('2021-07-28'),
('2021-07-29'),
('2021-07-30'),
('2021-07-31'),
('2021-08-01'),
('2021-08-02'),
('2021-08-03'),
('2021-08-04'),
('2021-08-05'),
('2021-08-06'),
('2021-08-07'),
('2021-08-08'),
('2021-08-09'),
('2021-08-10'),
('2021-08-11'),
('2021-08-12'),
('2021-08-13'),
('2021-08-14'),
('2021-08-15'),
('2021-08-16'),
('2021-08-17'),
('2021-08-18'),
('2021-08-19'),
('2021-08-20'),
('2021-08-21'),
('2021-08-22'),
('2021-08-23'),
('2021-08-24'),
('2021-08-25'),
('2021-08-26'),
('2021-08-27'),
('2021-08-28'),
('2021-08-29'),
('2021-08-30'),
('2021-08-31'),
('2021-09-01'),
('2021-09-02'),
('2021-09-03'),
('2021-09-04'),
('2021-09-05'),
('2021-09-06'),
('2021-09-07'),
('2021-09-08'),
('2021-09-09'),
('2021-09-10'),
('2021-09-11'),
('2021-09-12'),
('2021-09-13'),
('2021-09-14'),
('2021-09-15'),
('2021-09-16'),
('2021-09-17'),
('2021-09-18'),
('2021-09-19'),
('2021-09-20'),
('2021-09-21'),
('2021-09-22'),
('2021-09-23'),
('2021-09-24'),
('2021-09-25'),
('2021-09-26'),
('2021-09-27'),
('2021-09-28'),
('2021-09-29'),
('2021-09-30'),
('2021-10-01'),
('2021-10-02'),
('2021-10-03'),
('2021-10-04'),
('2021-10-05'),
('2021-10-06'),
('2021-10-07'),
('2021-10-08'),
('2021-10-09'),
('2021-10-10'),
('2021-10-11'),
('2021-10-12'),
('2021-10-13'),
('2021-10-14'),
('2021-10-15'),
('2021-10-16'),
('2021-10-17'),
('2021-10-18'),
('2021-10-19'),
('2021-10-20'),
('2021-10-21'),
('2021-10-22'),
('2021-10-23'),
('2021-10-24'),
('2021-10-25'),
('2021-10-26'),
('2021-10-27'),
('2021-10-28'),
('2021-10-29'),
('2021-10-30'),
('2021-10-31'),
('2021-11-01'),
('2021-11-02'),
('2021-11-03'),
('2021-11-04'),
('2021-11-05'),
('2021-11-06'),
('2021-11-07'),
('2021-11-08'),
('2021-11-09'),
('2021-11-10'),
('2021-11-11'),
('2021-11-12'),
('2021-11-13'),
('2021-11-14'),
('2021-11-15'),
('2021-11-16'),
('2021-11-17'),
('2021-11-18'),
('2021-11-19'),
('2021-11-20'),
('2021-11-21'),
('2021-11-22'),
('2021-11-23'),
('2021-11-24'),
('2021-11-25'),
('2021-11-26'),
('2021-11-27'),
('2021-11-28'),
('2021-11-29'),
('2021-11-30'),
('2021-12-01'),
('2021-12-02'),
('2021-12-03'),
('2021-12-04'),
('2021-12-05'),
('2021-12-06'),
('2021-12-07'),
('2021-12-08'),
('2021-12-09'),
('2021-12-10'),
('2021-12-11'),
('2021-12-12'),
('2021-12-13'),
('2021-12-14'),
('2021-12-15'),
('2021-12-16'),
('2021-12-17'),
('2021-12-18'),
('2021-12-19'),
('2021-12-20'),
('2021-12-21'),
('2021-12-22'),
('2021-12-23'),
('2021-12-24'),
('2021-12-25'),
('2021-12-26'),
('2021-12-27'),
('2021-12-28'),
('2021-12-29'),
('2021-12-30'),
('2021-12-31'),
('2022-01-01'),
('2022-01-02'),
('2022-01-03'),
('2022-01-04'),
('2022-01-05'),
('2022-01-06'),
('2022-01-07'),
('2022-01-08'),
('2022-01-09'),
('2022-01-10'),
('2022-01-11'),
('2022-01-12'),
('2022-01-13'),
('2022-01-14'),
('2022-01-15'),
('2022-01-16'),
('2022-01-17'),
('2022-01-18'),
('2022-01-19'),
('2022-01-20'),
('2022-01-21'),
('2022-01-22'),
('2022-01-23'),
('2022-01-24'),
('2022-01-25'),
('2022-01-26'),
('2022-01-27'),
('2022-01-28'),
('2022-01-29'),
('2022-01-30'),
('2022-01-31'),
('2022-02-01'),
('2022-02-02'),
('2022-02-03'),
('2022-02-04'),
('2022-02-05'),
('2022-02-06'),
('2022-02-07'),
('2022-02-08'),
('2022-02-09'),
('2022-02-10'),
('2022-02-11'),
('2022-02-12'),
('2022-02-13'),
('2022-02-14'),
('2022-02-15'),
('2022-02-16'),
('2022-02-17'),
('2022-02-18'),
('2022-02-19'),
('2022-02-20'),
('2022-02-21'),
('2022-02-22'),
('2022-02-23'),
('2022-02-24'),
('2022-02-25'),
('2022-02-26'),
('2022-02-27'),
('2022-02-28'),
('2022-03-01'),
('2022-03-02'),
('2022-03-03'),
('2022-03-04'),
('2022-03-05'),
('2022-03-06'),
('2022-03-07'),
('2022-03-08'),
('2022-03-09'),
('2022-03-10'),
('2022-03-11'),
('2022-03-12'),
('2022-03-13'),
('2022-03-14'),
('2022-03-15'),
('2022-03-16'),
('2022-03-17'),
('2022-03-18'),
('2022-03-19'),
('2022-03-20'),
('2022-03-21'),
('2022-03-22'),
('2022-03-23'),
('2022-03-24'),
('2022-03-25'),
('2022-03-26'),
('2022-03-27'),
('2022-03-28'),
('2022-03-29'),
('2022-03-30'),
('2022-03-31'),
('2022-04-01'),
('2022-04-02'),
('2022-04-03'),
('2022-04-04'),
('2022-04-05'),
('2022-04-06'),
('2022-04-07'),
('2022-04-08'),
('2022-04-09'),
('2022-04-10'),
('2022-04-11'),
('2022-04-12'),
('2022-04-13'),
('2022-04-14'),
('2022-04-15'),
('2022-04-16'),
('2022-04-17'),
('2022-04-18'),
('2022-04-19'),
('2022-04-20'),
('2022-04-21'),
('2022-04-22'),
('2022-04-23'),
('2022-04-24'),
('2022-04-25'),
('2022-04-26'),
('2022-04-27'),
('2022-04-28'),
('2022-04-29'),
('2022-04-30'),
('2022-05-01'),
('2022-05-02'),
('2022-05-03'),
('2022-05-04'),
('2022-05-05'),
('2022-05-06'),
('2022-05-07'),
('2022-05-08'),
('2022-05-09'),
('2022-05-10'),
('2022-05-11'),
('2022-05-12'),
('2022-05-13'),
('2022-05-14'),
('2022-05-15'),
('2022-05-16'),
('2022-05-17'),
('2022-05-18'),
('2022-05-19'),
('2022-05-20'),
('2022-05-21'),
('2022-05-22'),
('2022-05-23'),
('2022-05-24'),
('2022-05-25'),
('2022-05-26'),
('2022-05-27'),
('2022-05-28'),
('2022-05-29'),
('2022-05-30'),
('2022-05-31'),
('2022-06-01'),
('2022-06-02'),
('2022-06-03'),
('2022-06-04'),
('2022-06-05'),
('2022-06-06'),
('2022-06-07'),
('2022-06-08'),
('2022-06-09'),
('2022-06-10'),
('2022-06-11'),
('2022-06-12'),
('2022-06-13'),
('2022-06-14'),
('2022-06-15'),
('2022-06-16'),
('2022-06-17'),
('2022-06-18'),
('2022-06-19'),
('2022-06-20'),
('2022-06-21'),
('2022-06-22'),
('2022-06-23'),
('2022-06-24'),
('2022-06-25'),
('2022-06-26'),
('2022-06-27'),
('2022-06-28'),
('2022-06-29'),
('2022-06-30'),
('2022-07-01'),
('2022-07-02'),
('2022-07-03'),
('2022-07-04'),
('2022-07-05'),
('2022-07-06'),
('2022-07-07'),
('2022-07-08'),
('2022-07-09'),
('2022-07-10'),
('2022-07-11'),
('2022-07-12'),
('2022-07-13'),
('2022-07-14'),
('2022-07-15'),
('2022-07-16'),
('2022-07-17'),
('2022-07-18'),
('2022-07-19'),
('2022-07-20'),
('2022-07-21'),
('2022-07-22'),
('2022-07-23'),
('2022-07-24'),
('2022-07-25'),
('2022-07-26'),
('2022-07-27'),
('2022-07-28'),
('2022-07-29'),
('2022-07-30'),
('2022-07-31'),
('2022-08-01'),
('2022-08-02'),
('2022-08-03'),
('2022-08-04'),
('2022-08-05'),
('2022-08-06'),
('2022-08-07'),
('2022-08-08'),
('2022-08-09'),
('2022-08-10'),
('2022-08-11'),
('2022-08-12'),
('2022-08-13'),
('2022-08-14'),
('2022-08-15'),
('2022-08-16'),
('2022-08-17'),
('2022-08-18'),
('2022-08-19'),
('2022-08-20'),
('2022-08-21'),
('2022-08-22'),
('2022-08-23'),
('2022-08-24'),
('2022-08-25'),
('2022-08-26'),
('2022-08-27'),
('2022-08-28'),
('2022-08-29'),
('2022-08-30'),
('2022-08-31'),
('2022-09-01'),
('2022-09-02'),
('2022-09-03'),
('2022-09-04'),
('2022-09-05'),
('2022-09-06'),
('2022-09-07'),
('2022-09-08'),
('2022-09-09'),
('2022-09-10'),
('2022-09-11'),
('2022-09-12'),
('2022-09-13'),
('2022-09-14'),
('2022-09-15'),
('2022-09-16'),
('2022-09-17'),
('2022-09-18'),
('2022-09-19'),
('2022-09-20'),
('2022-09-21'),
('2022-09-22'),
('2022-09-23'),
('2022-09-24'),
('2022-09-25'),
('2022-09-26'),
('2022-09-27'),
('2022-09-28'),
('2022-09-29'),
('2022-09-30'),
('2022-10-01'),
('2022-10-02'),
('2022-10-03'),
('2022-10-04'),
('2022-10-05'),
('2022-10-06'),
('2022-10-07'),
('2022-10-08'),
('2022-10-09'),
('2022-10-10'),
('2022-10-11'),
('2022-10-12'),
('2022-10-13'),
('2022-10-14'),
('2022-10-15'),
('2022-10-16'),
('2022-10-17'),
('2022-10-18'),
('2022-10-19'),
('2022-10-20'),
('2022-10-21'),
('2022-10-22'),
('2022-10-23'),
('2022-10-24'),
('2022-10-25'),
('2022-10-26'),
('2022-10-27'),
('2022-10-28'),
('2022-10-29'),
('2022-10-30'),
('2022-10-31'),
('2022-11-01'),
('2022-11-02'),
('2022-11-03'),
('2022-11-04'),
('2022-11-05'),
('2022-11-06'),
('2022-11-07'),
('2022-11-08'),
('2022-11-09'),
('2022-11-10'),
('2022-11-11'),
('2022-11-12'),
('2022-11-13'),
('2022-11-14'),
('2022-11-15'),
('2022-11-16'),
('2022-11-17'),
('2022-11-18'),
('2022-11-19'),
('2022-11-20'),
('2022-11-21'),
('2022-11-22'),
('2022-11-23'),
('2022-11-24'),
('2022-11-25'),
('2022-11-26'),
('2022-11-27'),
('2022-11-28'),
('2022-11-29'),
('2022-11-30'),
('2022-12-01'),
('2022-12-02'),
('2022-12-03'),
('2022-12-04'),
('2022-12-05'),
('2022-12-06'),
('2022-12-07'),
('2022-12-08'),
('2022-12-09'),
('2022-12-10'),
('2022-12-11'),
('2022-12-12'),
('2022-12-13'),
('2022-12-14'),
('2022-12-15'),
('2022-12-16'),
('2022-12-17'),
('2022-12-18'),
('2022-12-19'),
('2022-12-20'),
('2022-12-21'),
('2022-12-22'),
('2022-12-23'),
('2022-12-24'),
('2022-12-25'),
('2022-12-26'),
('2022-12-27'),
('2022-12-28'),
('2022-12-29'),
('2022-12-30'),
('2022-12-31'),
('2023-01-01'),
('2023-01-02'),
('2023-01-03'),
('2023-01-04'),
('2023-01-05'),
('2023-01-06'),
('2023-01-07'),
('2023-01-08'),
('2023-01-09'),
('2023-01-10'),
('2023-01-11'),
('2023-01-12'),
('2023-01-13'),
('2023-01-14'),
('2023-01-15'),
('2023-01-16'),
('2023-01-17'),
('2023-01-18'),
('2023-01-19'),
('2023-01-20'),
('2023-01-21'),
('2023-01-22'),
('2023-01-23'),
('2023-01-24'),
('2023-01-25'),
('2023-01-26'),
('2023-01-27'),
('2023-01-28'),
('2023-01-29'),
('2023-01-30'),
('2023-01-31'),
('2023-02-01'),
('2023-02-02'),
('2023-02-03'),
('2023-02-04'),
('2023-02-05'),
('2023-02-06'),
('2023-02-07'),
('2023-02-08'),
('2023-02-09'),
('2023-02-10'),
('2023-02-11'),
('2023-02-12'),
('2023-02-13'),
('2023-02-14'),
('2023-02-15'),
('2023-02-16'),
('2023-02-17'),
('2023-02-18'),
('2023-02-19'),
('2023-02-20'),
('2023-02-21'),
('2023-02-22'),
('2023-02-23'),
('2023-02-24'),
('2023-02-25'),
('2023-02-26'),
('2023-02-27'),
('2023-02-28'),
('2023-03-01'),
('2023-03-02'),
('2023-03-03'),
('2023-03-04'),
('2023-03-05'),
('2023-03-06'),
('2023-03-07'),
('2023-03-08'),
('2023-03-09'),
('2023-03-10'),
('2023-03-11'),
('2023-03-12'),
('2023-03-13'),
('2023-03-14'),
('2023-03-15'),
('2023-03-16'),
('2023-03-17'),
('2023-03-18'),
('2023-03-19'),
('2023-03-20'),
('2023-03-21'),
('2023-03-22'),
('2023-03-23'),
('2023-03-24'),
('2023-03-25'),
('2023-03-26'),
('2023-03-27'),
('2023-03-28'),
('2023-03-29'),
('2023-03-30'),
('2023-03-31'),
('2023-04-01'),
('2023-04-02'),
('2023-04-03'),
('2023-04-04'),
('2023-04-05'),
('2023-04-06'),
('2023-04-07'),
('2023-04-08'),
('2023-04-09'),
('2023-04-10'),
('2023-04-11'),
('2023-04-12'),
('2023-04-13'),
('2023-04-14'),
('2023-04-15'),
('2023-04-16'),
('2023-04-17'),
('2023-04-18'),
('2023-04-19'),
('2023-04-20'),
('2023-04-21'),
('2023-04-22'),
('2023-04-23'),
('2023-04-24'),
('2023-04-25'),
('2023-04-26'),
('2023-04-27'),
('2023-04-28'),
('2023-04-29'),
('2023-04-30'),
('2023-05-01'),
('2023-05-02'),
('2023-05-03'),
('2023-05-04'),
('2023-05-05'),
('2023-05-06'),
('2023-05-07'),
('2023-05-08'),
('2023-05-09'),
('2023-05-10'),
('2023-05-11'),
('2023-05-12'),
('2023-05-13'),
('2023-05-14'),
('2023-05-15'),
('2023-05-16'),
('2023-05-17'),
('2023-05-18'),
('2023-05-19'),
('2023-05-20'),
('2023-05-21'),
('2023-05-22'),
('2023-05-23'),
('2023-05-24'),
('2023-05-25'),
('2023-05-26'),
('2023-05-27'),
('2023-05-28'),
('2023-05-29'),
('2023-05-30'),
('2023-05-31'),
('2023-06-01'),
('2023-06-02'),
('2023-06-03'),
('2023-06-04'),
('2023-06-05'),
('2023-06-06'),
('2023-06-07'),
('2023-06-08'),
('2023-06-09'),
('2023-06-10'),
('2023-06-11'),
('2023-06-12'),
('2023-06-13'),
('2023-06-14'),
('2023-06-15'),
('2023-06-16'),
('2023-06-17'),
('2023-06-18'),
('2023-06-19'),
('2023-06-20'),
('2023-06-21'),
('2023-06-22'),
('2023-06-23'),
('2023-06-24'),
('2023-06-25'),
('2023-06-26'),
('2023-06-27'),
('2023-06-28'),
('2023-06-29'),
('2023-06-30'),
('2023-07-01'),
('2023-07-02'),
('2023-07-03'),
('2023-07-04'),
('2023-07-05'),
('2023-07-06'),
('2023-07-07'),
('2023-07-08'),
('2023-07-09'),
('2023-07-10'),
('2023-07-11'),
('2023-07-12'),
('2023-07-13'),
('2023-07-14'),
('2023-07-15'),
('2023-07-16'),
('2023-07-17'),
('2023-07-18'),
('2023-07-19'),
('2023-07-20'),
('2023-07-21'),
('2023-07-22'),
('2023-07-23'),
('2023-07-24'),
('2023-07-25'),
('2023-07-26'),
('2023-07-27'),
('2023-07-28'),
('2023-07-29'),
('2023-07-30'),
('2023-07-31'),
('2023-08-01'),
('2023-08-02'),
('2023-08-03'),
('2023-08-04'),
('2023-08-05'),
('2023-08-06'),
('2023-08-07'),
('2023-08-08'),
('2023-08-09'),
('2023-08-10'),
('2023-08-11'),
('2023-08-12'),
('2023-08-13'),
('2023-08-14'),
('2023-08-15'),
('2023-08-16'),
('2023-08-17'),
('2023-08-18'),
('2023-08-19'),
('2023-08-20'),
('2023-08-21'),
('2023-08-22'),
('2023-08-23'),
('2023-08-24'),
('2023-08-25'),
('2023-08-26'),
('2023-08-27'),
('2023-08-28'),
('2023-08-29'),
('2023-08-30'),
('2023-08-31'),
('2023-09-01'),
('2023-09-02'),
('2023-09-03'),
('2023-09-04'),
('2023-09-05'),
('2023-09-06'),
('2023-09-07'),
('2023-09-08'),
('2023-09-09'),
('2023-09-10'),
('2023-09-11'),
('2023-09-12'),
('2023-09-13'),
('2023-09-14'),
('2023-09-15'),
('2023-09-16'),
('2023-09-17'),
('2023-09-18'),
('2023-09-19'),
('2023-09-20'),
('2023-09-21'),
('2023-09-22'),
('2023-09-23'),
('2023-09-24'),
('2023-09-25'),
('2023-09-26'),
('2023-09-27'),
('2023-09-28'),
('2023-09-29'),
('2023-09-30'),
('2023-10-01'),
('2023-10-02'),
('2023-10-03'),
('2023-10-04'),
('2023-10-05'),
('2023-10-06'),
('2023-10-07'),
('2023-10-08'),
('2023-10-09'),
('2023-10-10'),
('2023-10-11'),
('2023-10-12'),
('2023-10-13'),
('2023-10-14'),
('2023-10-15'),
('2023-10-16'),
('2023-10-17'),
('2023-10-18'),
('2023-10-19'),
('2023-10-20'),
('2023-10-21'),
('2023-10-22'),
('2023-10-23'),
('2023-10-24'),
('2023-10-25'),
('2023-10-26'),
('2023-10-27'),
('2023-10-28'),
('2023-10-29'),
('2023-10-30'),
('2023-10-31'),
('2023-11-01'),
('2023-11-02'),
('2023-11-03'),
('2023-11-04'),
('2023-11-05'),
('2023-11-06'),
('2023-11-07'),
('2023-11-08'),
('2023-11-09'),
('2023-11-10'),
('2023-11-11'),
('2023-11-12'),
('2023-11-13'),
('2023-11-14'),
('2023-11-15'),
('2023-11-16'),
('2023-11-17'),
('2023-11-18'),
('2023-11-19'),
('2023-11-20'),
('2023-11-21'),
('2023-11-22'),
('2023-11-23'),
('2023-11-24'),
('2023-11-25'),
('2023-11-26'),
('2023-11-27'),
('2023-11-28'),
('2023-11-29'),
('2023-11-30'),
('2023-12-01'),
('2023-12-02'),
('2023-12-03'),
('2023-12-04'),
('2023-12-05'),
('2023-12-06'),
('2023-12-07'),
('2023-12-08'),
('2023-12-09'),
('2023-12-10'),
('2023-12-11'),
('2023-12-12'),
('2023-12-13'),
('2023-12-14'),
('2023-12-15'),
('2023-12-16'),
('2023-12-17'),
('2023-12-18'),
('2023-12-19'),
('2023-12-20'),
('2023-12-21'),
('2023-12-22'),
('2023-12-23'),
('2023-12-24'),
('2023-12-25'),
('2023-12-26'),
('2023-12-27'),
('2023-12-28'),
('2023-12-29'),
('2023-12-30'),
('2023-12-31'),
('2024-01-01'),
('2024-01-02'),
('2024-01-03'),
('2024-01-04'),
('2024-01-05'),
('2024-01-06'),
('2024-01-07'),
('2024-01-08'),
('2024-01-09'),
('2024-01-10'),
('2024-01-11'),
('2024-01-12'),
('2024-01-13'),
('2024-01-14'),
('2024-01-15'),
('2024-01-16'),
('2024-01-17'),
('2024-01-18'),
('2024-01-19'),
('2024-01-20'),
('2024-01-21'),
('2024-01-22'),
('2024-01-23'),
('2024-01-24'),
('2024-01-25'),
('2024-01-26'),
('2024-01-27'),
('2024-01-28'),
('2024-01-29'),
('2024-01-30'),
('2024-01-31'),
('2024-02-01'),
('2024-02-02'),
('2024-02-03'),
('2024-02-04'),
('2024-02-05'),
('2024-02-06'),
('2024-02-07'),
('2024-02-08'),
('2024-02-09'),
('2024-02-10'),
('2024-02-11'),
('2024-02-12'),
('2024-02-13'),
('2024-02-14'),
('2024-02-15'),
('2024-02-16'),
('2024-02-17'),
('2024-02-18'),
('2024-02-19'),
('2024-02-20'),
('2024-02-21'),
('2024-02-22'),
('2024-02-23'),
('2024-02-24'),
('2024-02-25'),
('2024-02-26'),
('2024-02-27'),
('2024-02-28'),
('2024-02-29'),
('2024-03-01'),
('2024-03-02'),
('2024-03-03'),
('2024-03-04'),
('2024-03-05'),
('2024-03-06'),
('2024-03-07'),
('2024-03-08'),
('2024-03-09'),
('2024-03-10'),
('2024-03-11'),
('2024-03-12'),
('2024-03-13'),
('2024-03-14'),
('2024-03-15'),
('2024-03-16'),
('2024-03-17'),
('2024-03-18'),
('2024-03-19'),
('2024-03-20'),
('2024-03-21'),
('2024-03-22'),
('2024-03-23'),
('2024-03-24'),
('2024-03-25'),
('2024-03-26'),
('2024-03-27'),
('2024-03-28'),
('2024-03-29'),
('2024-03-30'),
('2024-03-31'),
('2024-04-01'),
('2024-04-02'),
('2024-04-03'),
('2024-04-04'),
('2024-04-05'),
('2024-04-06'),
('2024-04-07'),
('2024-04-08'),
('2024-04-09'),
('2024-04-10'),
('2024-04-11'),
('2024-04-12'),
('2024-04-13'),
('2024-04-14'),
('2024-04-15'),
('2024-04-16'),
('2024-04-17'),
('2024-04-18'),
('2024-04-19'),
('2024-04-20'),
('2024-04-21'),
('2024-04-22'),
('2024-04-23'),
('2024-04-24'),
('2024-04-25'),
('2024-04-26'),
('2024-04-27'),
('2024-04-28'),
('2024-04-29'),
('2024-04-30'),
('2024-05-01'),
('2024-05-02'),
('2024-05-03'),
('2024-05-04'),
('2024-05-05'),
('2024-05-06'),
('2024-05-07'),
('2024-05-08'),
('2024-05-09'),
('2024-05-10'),
('2024-05-11'),
('2024-05-12'),
('2024-05-13'),
('2024-05-14'),
('2024-05-15'),
('2024-05-16'),
('2024-05-17'),
('2024-05-18'),
('2024-05-19'),
('2024-05-20'),
('2024-05-21'),
('2024-05-22'),
('2024-05-23'),
('2024-05-24'),
('2024-05-25'),
('2024-05-26'),
('2024-05-27'),
('2024-05-28'),
('2024-05-29'),
('2024-05-30'),
('2024-05-31'),
('2024-06-01'),
('2024-06-02'),
('2024-06-03'),
('2024-06-04'),
('2024-06-05'),
('2024-06-06'),
('2024-06-07'),
('2024-06-08'),
('2024-06-09'),
('2024-06-10'),
('2024-06-11'),
('2024-06-12'),
('2024-06-13'),
('2024-06-14'),
('2024-06-15'),
('2024-06-16'),
('2024-06-17'),
('2024-06-18'),
('2024-06-19'),
('2024-06-20'),
('2024-06-21'),
('2024-06-22'),
('2024-06-23'),
('2024-06-24'),
('2024-06-25'),
('2024-06-26'),
('2024-06-27'),
('2024-06-28'),
('2024-06-29'),
('2024-06-30'),
('2024-07-01'),
('2024-07-02'),
('2024-07-03'),
('2024-07-04'),
('2024-07-05'),
('2024-07-06'),
('2024-07-07'),
('2024-07-08'),
('2024-07-09'),
('2024-07-10'),
('2024-07-11'),
('2024-07-12'),
('2024-07-13'),
('2024-07-14'),
('2024-07-15'),
('2024-07-16'),
('2024-07-17'),
('2024-07-18'),
('2024-07-19'),
('2024-07-20'),
('2024-07-21'),
('2024-07-22'),
('2024-07-23'),
('2024-07-24'),
('2024-07-25'),
('2024-07-26'),
('2024-07-27'),
('2024-07-28'),
('2024-07-29'),
('2024-07-30'),
('2024-07-31'),
('2024-08-01'),
('2024-08-02'),
('2024-08-03'),
('2024-08-04'),
('2024-08-05'),
('2024-08-06'),
('2024-08-07'),
('2024-08-08'),
('2024-08-09'),
('2024-08-10'),
('2024-08-11'),
('2024-08-12'),
('2024-08-13'),
('2024-08-14'),
('2024-08-15'),
('2024-08-16'),
('2024-08-17'),
('2024-08-18'),
('2024-08-19'),
('2024-08-20'),
('2024-08-21'),
('2024-08-22'),
('2024-08-23'),
('2024-08-24'),
('2024-08-25'),
('2024-08-26'),
('2024-08-27'),
('2024-08-28'),
('2024-08-29'),
('2024-08-30'),
('2024-08-31'),
('2024-09-01'),
('2024-09-02'),
('2024-09-03'),
('2024-09-04'),
('2024-09-05'),
('2024-09-06'),
('2024-09-07'),
('2024-09-08'),
('2024-09-09'),
('2024-09-10'),
('2024-09-11'),
('2024-09-12'),
('2024-09-13'),
('2024-09-14'),
('2024-09-15'),
('2024-09-16'),
('2024-09-17'),
('2024-09-18'),
('2024-09-19'),
('2024-09-20'),
('2024-09-21'),
('2024-09-22'),
('2024-09-23'),
('2024-09-24'),
('2024-09-25'),
('2024-09-26'),
('2024-09-27'),
('2024-09-28'),
('2024-09-29'),
('2024-09-30'),
('2024-10-01'),
('2024-10-02'),
('2024-10-03'),
('2024-10-04'),
('2024-10-05'),
('2024-10-06'),
('2024-10-07'),
('2024-10-08'),
('2024-10-09'),
('2024-10-10'),
('2024-10-11'),
('2024-10-12'),
('2024-10-13'),
('2024-10-14'),
('2024-10-15'),
('2024-10-16'),
('2024-10-17'),
('2024-10-18'),
('2024-10-19'),
('2024-10-20'),
('2024-10-21'),
('2024-10-22'),
('2024-10-23'),
('2024-10-24'),
('2024-10-25'),
('2024-10-26'),
('2024-10-27'),
('2024-10-28'),
('2024-10-29'),
('2024-10-30'),
('2024-10-31'),
('2024-11-01'),
('2024-11-02'),
('2024-11-03'),
('2024-11-04'),
('2024-11-05'),
('2024-11-06'),
('2024-11-07'),
('2024-11-08'),
('2024-11-09'),
('2024-11-10'),
('2024-11-11'),
('2024-11-12'),
('2024-11-13'),
('2024-11-14'),
('2024-11-15'),
('2024-11-16'),
('2024-11-17'),
('2024-11-18'),
('2024-11-19'),
('2024-11-20'),
('2024-11-21'),
('2024-11-22'),
('2024-11-23'),
('2024-11-24'),
('2024-11-25'),
('2024-11-26'),
('2024-11-27'),
('2024-11-28'),
('2024-11-29'),
('2024-11-30'),
('2024-12-01'),
('2024-12-02'),
('2024-12-03'),
('2024-12-04'),
('2024-12-05'),
('2024-12-06'),
('2024-12-07'),
('2024-12-08'),
('2024-12-09'),
('2024-12-10'),
('2024-12-11'),
('2024-12-12'),
('2024-12-13'),
('2024-12-14'),
('2024-12-15'),
('2024-12-16'),
('2024-12-17'),
('2024-12-18'),
('2024-12-19'),
('2024-12-20'),
('2024-12-21'),
('2024-12-22'),
('2024-12-23'),
('2024-12-24'),
('2024-12-25'),
('2024-12-26'),
('2024-12-27'),
('2024-12-28'),
('2024-12-29'),
('2024-12-30'),
('2024-12-31'),
('2025-01-01'),
('2025-01-02'),
('2025-01-03'),
('2025-01-04'),
('2025-01-05'),
('2025-01-06'),
('2025-01-07'),
('2025-01-08'),
('2025-01-09'),
('2025-01-10'),
('2025-01-11'),
('2025-01-12'),
('2025-01-13'),
('2025-01-14'),
('2025-01-15'),
('2025-01-16'),
('2025-01-17'),
('2025-01-18'),
('2025-01-19'),
('2025-01-20'),
('2025-01-21'),
('2025-01-22'),
('2025-01-23'),
('2025-01-24'),
('2025-01-25'),
('2025-01-26'),
('2025-01-27'),
('2025-01-28'),
('2025-01-29'),
('2025-01-30'),
('2025-01-31'),
('2025-02-01'),
('2025-02-02'),
('2025-02-03'),
('2025-02-04'),
('2025-02-05'),
('2025-02-06'),
('2025-02-07'),
('2025-02-08'),
('2025-02-09'),
('2025-02-10'),
('2025-02-11'),
('2025-02-12'),
('2025-02-13'),
('2025-02-14'),
('2025-02-15'),
('2025-02-16'),
('2025-02-17'),
('2025-02-18'),
('2025-02-19'),
('2025-02-20'),
('2025-02-21'),
('2025-02-22'),
('2025-02-23'),
('2025-02-24'),
('2025-02-25'),
('2025-02-26'),
('2025-02-27'),
('2025-02-28'),
('2025-03-01'),
('2025-03-02'),
('2025-03-03'),
('2025-03-04'),
('2025-03-05'),
('2025-03-06'),
('2025-03-07'),
('2025-03-08'),
('2025-03-09'),
('2025-03-10'),
('2025-03-11'),
('2025-03-12'),
('2025-03-13'),
('2025-03-14'),
('2025-03-15'),
('2025-03-16'),
('2025-03-17'),
('2025-03-18'),
('2025-03-19'),
('2025-03-20'),
('2025-03-21'),
('2025-03-22'),
('2025-03-23'),
('2025-03-24'),
('2025-03-25'),
('2025-03-26'),
('2025-03-27'),
('2025-03-28'),
('2025-03-29'),
('2025-03-30'),
('2025-03-31'),
('2025-04-01'),
('2025-04-02'),
('2025-04-03'),
('2025-04-04'),
('2025-04-05'),
('2025-04-06'),
('2025-04-07'),
('2025-04-08'),
('2025-04-09'),
('2025-04-10'),
('2025-04-11'),
('2025-04-12'),
('2025-04-13'),
('2025-04-14'),
('2025-04-15'),
('2025-04-16'),
('2025-04-17'),
('2025-04-18'),
('2025-04-19'),
('2025-04-20'),
('2025-04-21'),
('2025-04-22'),
('2025-04-23'),
('2025-04-24'),
('2025-04-25'),
('2025-04-26'),
('2025-04-27'),
('2025-04-28'),
('2025-04-29'),
('2025-04-30'),
('2025-05-01'),
('2025-05-02'),
('2025-05-03'),
('2025-05-04'),
('2025-05-05'),
('2025-05-06'),
('2025-05-07'),
('2025-05-08'),
('2025-05-09'),
('2025-05-10'),
('2025-05-11'),
('2025-05-12'),
('2025-05-13'),
('2025-05-14'),
('2025-05-15'),
('2025-05-16'),
('2025-05-17'),
('2025-05-18'),
('2025-05-19'),
('2025-05-20'),
('2025-05-21'),
('2025-05-22'),
('2025-05-23'),
('2025-05-24'),
('2025-05-25'),
('2025-05-26'),
('2025-05-27'),
('2025-05-28'),
('2025-05-29'),
('2025-05-30'),
('2025-05-31'),
('2025-06-01'),
('2025-06-02'),
('2025-06-03'),
('2025-06-04'),
('2025-06-05'),
('2025-06-06'),
('2025-06-07'),
('2025-06-08'),
('2025-06-09'),
('2025-06-10'),
('2025-06-11'),
('2025-06-12'),
('2025-06-13'),
('2025-06-14'),
('2025-06-15'),
('2025-06-16'),
('2025-06-17'),
('2025-06-18'),
('2025-06-19'),
('2025-06-20'),
('2025-06-21'),
('2025-06-22'),
('2025-06-23'),
('2025-06-24'),
('2025-06-25'),
('2025-06-26'),
('2025-06-27'),
('2025-06-28'),
('2025-06-29'),
('2025-06-30'),
('2025-07-01'),
('2025-07-02'),
('2025-07-03'),
('2025-07-04'),
('2025-07-05'),
('2025-07-06'),
('2025-07-07'),
('2025-07-08'),
('2025-07-09'),
('2025-07-10'),
('2025-07-11'),
('2025-07-12'),
('2025-07-13'),
('2025-07-14'),
('2025-07-15'),
('2025-07-16'),
('2025-07-17'),
('2025-07-18'),
('2025-07-19'),
('2025-07-20'),
('2025-07-21'),
('2025-07-22'),
('2025-07-23'),
('2025-07-24'),
('2025-07-25'),
('2025-07-26'),
('2025-07-27'),
('2025-07-28'),
('2025-07-29'),
('2025-07-30'),
('2025-07-31'),
('2025-08-01'),
('2025-08-02'),
('2025-08-03'),
('2025-08-04'),
('2025-08-05'),
('2025-08-06'),
('2025-08-07'),
('2025-08-08'),
('2025-08-09'),
('2025-08-10'),
('2025-08-11'),
('2025-08-12'),
('2025-08-13'),
('2025-08-14'),
('2025-08-15'),
('2025-08-16'),
('2025-08-17'),
('2025-08-18'),
('2025-08-19'),
('2025-08-20'),
('2025-08-21'),
('2025-08-22'),
('2025-08-23'),
('2025-08-24'),
('2025-08-25'),
('2025-08-26'),
('2025-08-27'),
('2025-08-28'),
('2025-08-29'),
('2025-08-30'),
('2025-08-31'),
('2025-09-01'),
('2025-09-02'),
('2025-09-03'),
('2025-09-04'),
('2025-09-05'),
('2025-09-06'),
('2025-09-07'),
('2025-09-08'),
('2025-09-09'),
('2025-09-10'),
('2025-09-11'),
('2025-09-12'),
('2025-09-13'),
('2025-09-14'),
('2025-09-15'),
('2025-09-16'),
('2025-09-17'),
('2025-09-18'),
('2025-09-19'),
('2025-09-20'),
('2025-09-21'),
('2025-09-22'),
('2025-09-23'),
('2025-09-24'),
('2025-09-25'),
('2025-09-26'),
('2025-09-27'),
('2025-09-28'),
('2025-09-29'),
('2025-09-30'),
('2025-10-01'),
('2025-10-02'),
('2025-10-03'),
('2025-10-04'),
('2025-10-05'),
('2025-10-06'),
('2025-10-07'),
('2025-10-08'),
('2025-10-09'),
('2025-10-10'),
('2025-10-11'),
('2025-10-12'),
('2025-10-13'),
('2025-10-14'),
('2025-10-15'),
('2025-10-16'),
('2025-10-17'),
('2025-10-18'),
('2025-10-19'),
('2025-10-20'),
('2025-10-21'),
('2025-10-22'),
('2025-10-23'),
('2025-10-24'),
('2025-10-25'),
('2025-10-26'),
('2025-10-27'),
('2025-10-28'),
('2025-10-29'),
('2025-10-30'),
('2025-10-31'),
('2025-11-01'),
('2025-11-02'),
('2025-11-03'),
('2025-11-04'),
('2025-11-05'),
('2025-11-06'),
('2025-11-07'),
('2025-11-08'),
('2025-11-09'),
('2025-11-10'),
('2025-11-11'),
('2025-11-12'),
('2025-11-13'),
('2025-11-14'),
('2025-11-15'),
('2025-11-16'),
('2025-11-17'),
('2025-11-18'),
('2025-11-19'),
('2025-11-20'),
('2025-11-21'),
('2025-11-22'),
('2025-11-23'),
('2025-11-24'),
('2025-11-25'),
('2025-11-26'),
('2025-11-27'),
('2025-11-28'),
('2025-11-29'),
('2025-11-30'),
('2025-12-01'),
('2025-12-02'),
('2025-12-03'),
('2025-12-04'),
('2025-12-05'),
('2025-12-06'),
('2025-12-07'),
('2025-12-08'),
('2025-12-09'),
('2025-12-10'),
('2025-12-11'),
('2025-12-12'),
('2025-12-13'),
('2025-12-14'),
('2025-12-15'),
('2025-12-16'),
('2025-12-17'),
('2025-12-18'),
('2025-12-19'),
('2025-12-20'),
('2025-12-21'),
('2025-12-22'),
('2025-12-23'),
('2025-12-24'),
('2025-12-25'),
('2025-12-26'),
('2025-12-27'),
('2025-12-28'),
('2025-12-29'),
('2025-12-30');

-- --------------------------------------------------------

--
-- Table structure for table `tb_departemen`
--

CREATE TABLE `tb_departemen` (
  `id_dpt` int(11) NOT NULL,
  `nama_dpt` varchar(20) NOT NULL
) ENGINE=InnoDB DEFAULT CHARSET=latin1;

--
-- Dumping data for table `tb_departemen`
--

INSERT INTO `tb_departemen` (`id_dpt`, `nama_dpt`) VALUES
(1, 'Admin'),
(2, 'Petugas Pendaftaran'),
(3, 'Kepala Puskesmas'),
(4, 'Petugas Poli');

-- --------------------------------------------------------

--
-- Table structure for table `tb_jenis_pelayanan`
--

CREATE TABLE `tb_jenis_pelayanan` (
  `id_plyn` int(11) NOT NULL,
  `nama_plyn` varchar(20) NOT NULL
) ENGINE=InnoDB DEFAULT CHARSET=latin1;

--
-- Dumping data for table `tb_jenis_pelayanan`
--

INSERT INTO `tb_jenis_pelayanan` (`id_plyn`, `nama_plyn`) VALUES
(1, 'Reguler'),
(2, 'BPJS');

-- --------------------------------------------------------

--
-- Table structure for table `tb_kunjungan`
--

CREATE TABLE `tb_kunjungan` (
  `id_knj` int(11) NOT NULL,
  `no_rm` int(11) NOT NULL,
  `tanggal_check` date NOT NULL,
  `keluhan` text NOT NULL,
  `id_pl` int(11) NOT NULL,
  `nip_ptgs` int(11) NOT NULL,
  `id_plyn` int(11) NOT NULL,
  `no_bpjs` int(11) DEFAULT NULL,
  `status_psn` int(11) NOT NULL,
  `no_antri` int(11) DEFAULT NULL,
  `no_antri_poli` int(11) DEFAULT NULL
) ENGINE=InnoDB DEFAULT CHARSET=latin1;

--
-- Dumping data for table `tb_kunjungan`
--

INSERT INTO `tb_kunjungan` (`id_knj`, `no_rm`, `tanggal_check`, `keluhan`, `id_pl`, `nip_ptgs`, `id_plyn`, `no_bpjs`, `status_psn`, `no_antri`, `no_antri_poli`) VALUES
(24, 800182, '2019-12-04', 'sakit', 3, 990123, 1, 0, 0, 1, 0),
(25, 800184, '2019-12-28', 'Sakit', 2, 800182, 1, 0, 0, 2, 0);

-- --------------------------------------------------------

--
-- Table structure for table `tb_pasien`
--

CREATE TABLE `tb_pasien` (
  `no_rm` bigint(20) NOT NULL,
  `no_kk` bigint(20) NOT NULL,
  `no_ktp` bigint(20) NOT NULL,
  `nama_psn` varchar(50) NOT NULL,
  `alamat_psn` text NOT NULL,
  `ttl_psn` varchar(50) NOT NULL,
  `jk_psn` varchar(20) NOT NULL,
  `agama_psn` varchar(20) NOT NULL,
  `pekerjan_psn` varchar(30) NOT NULL,
  `jenis_psn` bigint(20) NOT NULL,
  `no_bpjs` bigint(20) DEFAULT NULL
) ENGINE=InnoDB DEFAULT CHARSET=latin1;

--
-- Dumping data for table `tb_pasien`
--

INSERT INTO `tb_pasien` (`no_rm`, `no_kk`, `no_ktp`, `nama_psn`, `alamat_psn`, `ttl_psn`, `jk_psn`, `agama_psn`, `pekerjan_psn`, `jenis_psn`, `no_bpjs`) VALUES
(800182, 9911223344, 9911234556, 'Michael Suratmo', 'Jember Kota', 'Jember,2019-08-15', 'Laki-laki', 'Buddha', 'PNS', 1, 0),
(800183, 92992138818, 929399123881, 'Surtakim Salahar', 'Jember', 'Zimbabwe,03/05/2018', '', 'Kong Hu Cu', 'Swasta', 2, 0),
(800184, 9911223344, 991818, 'Mastayium Shikaka', 'Jember', 'Fakfak,12/05/1997', 'Perempuan', 'Kristen', 'Pe en es', 1, 0);

-- --------------------------------------------------------

--
-- Table structure for table `tb_pasien_baru`
--

CREATE TABLE `tb_pasien_baru` (
  `no_rm` bigint(20) NOT NULL,
  `no_kk` bigint(20) NOT NULL,
  `no_ktp` bigint(20) NOT NULL,
  `nama_psn` varchar(50) NOT NULL,
  `alamat_psn` text NOT NULL,
  `ttl_psn` varchar(50) NOT NULL,
  `jk_psn` varchar(20) NOT NULL,
  `agama_psn` varchar(20) NOT NULL,
  `pekerjan_psn` varchar(30) NOT NULL,
  `jenis_psn` bigint(20) NOT NULL,
  `no_bpjs` bigint(20) DEFAULT NULL,
  `tanggal_daftar` date NOT NULL
) ENGINE=InnoDB DEFAULT CHARSET=latin1;

--
-- Dumping data for table `tb_pasien_baru`
--

INSERT INTO `tb_pasien_baru` (`no_rm`, `no_kk`, `no_ktp`, `nama_psn`, `alamat_psn`, `ttl_psn`, `jk_psn`, `agama_psn`, `pekerjan_psn`, `jenis_psn`, `no_bpjs`, `tanggal_daftar`) VALUES
(800182, 9911223344, 9911234556, 'Michael Suratmo', 'Jember Kota', 'Jember,2019-08-15', 'Laki-laki', 'Islam', 'PNS', 1, NULL, '2019-09-05'),
(800183, 92992138818, 929399123881, 'Surtakim Salahar', 'Jember', 'Zimbabwe,03/05/2018', 'Laki-laki', 'Katolik', 'Swasta', 2, 288821399123912, '0000-00-00'),
(800184, 9911223344, 991818, 'Mastayium Shikaka', 'Jember', 'Fakfak,12/05/1997', 'Perempuan', 'Kristen', 'Pe en es', 1, 0, '2019-12-28');

-- --------------------------------------------------------

--
-- Table structure for table `tb_petugas`
--

CREATE TABLE `tb_petugas` (
  `id_ptgs` int(11) NOT NULL,
  `nip_ptgs` int(11) NOT NULL,
  `nama_ptgs` varchar(50) NOT NULL,
  `alamat_ptgs` varchar(50) NOT NULL,
  `tanggal_lahir` date NOT NULL,
  `id_dpt` int(11) NOT NULL,
  `jk_ptgs` varchar(10) NOT NULL
) ENGINE=InnoDB DEFAULT CHARSET=latin1;

--
-- Dumping data for table `tb_petugas`
--

INSERT INTO `tb_petugas` (`id_ptgs`, `nip_ptgs`, `nama_ptgs`, `alamat_ptgs`, `tanggal_lahir`, `id_dpt`, `jk_ptgs`) VALUES
(1, 9011, 'Tarkis Suparna', 'Jember', '2019-08-11', 1, 'Laki-laki'),
(2, 9012, 'Sari Bread', 'Lumajang', '2019-05-01', 2, 'Perempuan'),
(3, 9013, 'Marko Lundo', 'Jakarta', '2019-02-11', 3, 'Laki-laki'),
(4, 9014, 'Marsinyo Surtes', 'Jember', '2018-08-21', 4, 'Laki-laki');

-- --------------------------------------------------------

--
-- Table structure for table `tb_poli`
--

CREATE TABLE `tb_poli` (
  `id_pl` int(11) NOT NULL,
  `nama_pl` varchar(20) NOT NULL
) ENGINE=InnoDB DEFAULT CHARSET=latin1;

--
-- Dumping data for table `tb_poli`
--

INSERT INTO `tb_poli` (`id_pl`, `nama_pl`) VALUES
(1, 'Poli Umum'),
(2, 'Poli TB'),
(3, 'IGD'),
(4, 'Rawat Inap'),
(5, 'KIA'),
(6, 'KB'),
(7, 'Poli Gigi'),
(8, 'VK'),
(9, 'Rujukan');

-- --------------------------------------------------------

--
-- Table structure for table `tb_user`
--

CREATE TABLE `tb_user` (
  `id_usr` int(11) NOT NULL,
  `nama_usr` varchar(50) NOT NULL,
  `username` varchar(30) NOT NULL,
  `password` varchar(20) NOT NULL,
  `level_usr` int(11) NOT NULL,
  `id_ptgs` int(11) DEFAULT NULL,
  `no_rm` int(11) DEFAULT NULL,
  `id_pl` int(11) DEFAULT NULL
) ENGINE=InnoDB DEFAULT CHARSET=latin1;

--
-- Dumping data for table `tb_user`
--

INSERT INTO `tb_user` (`id_usr`, `nama_usr`, `username`, `password`, `level_usr`, `id_ptgs`, `no_rm`, `id_pl`) VALUES
(1, 'Tarkis Suparna', 'admin1', 'admin1', 1, 9011, NULL, NULL),
(2, 'Sari Bread', 'daftar1', 'daftar1', 2, 9012, NULL, NULL),
(3, 'Marko Lundo', 'kepala1', 'kepala1', 3, 9013, NULL, NULL),
(4, 'Marsinyo Surtes', 'poli1', 'poli1', 4, 9014, NULL, 1),
(5, 'Michael Suratmo', 'pasien1', 'pasien1', 5, NULL, 800182, NULL),
(6, 'Surtakim Salahar', '9002128', '9002128', 5, NULL, 800183, NULL),
(7, 'Mastayium Shikaka', '991818', '991818', 5, NULL, 800184, NULL);

--
-- Indexes for dumped tables
--

--
-- Indexes for table `tb_departemen`
--
ALTER TABLE `tb_departemen`
  ADD PRIMARY KEY (`id_dpt`);

--
-- Indexes for table `tb_jenis_pelayanan`
--
ALTER TABLE `tb_jenis_pelayanan`
  ADD PRIMARY KEY (`id_plyn`);

--
-- Indexes for table `tb_kunjungan`
--
ALTER TABLE `tb_kunjungan`
  ADD PRIMARY KEY (`id_knj`);

--
-- Indexes for table `tb_pasien`
--
ALTER TABLE `tb_pasien`
  ADD PRIMARY KEY (`no_rm`);

--
-- Indexes for table `tb_pasien_baru`
--
ALTER TABLE `tb_pasien_baru`
  ADD PRIMARY KEY (`no_rm`);

--
-- Indexes for table `tb_petugas`
--
ALTER TABLE `tb_petugas`
  ADD PRIMARY KEY (`id_ptgs`);

--
-- Indexes for table `tb_poli`
--
ALTER TABLE `tb_poli`
  ADD PRIMARY KEY (`id_pl`);

--
-- Indexes for table `tb_user`
--
ALTER TABLE `tb_user`
  ADD PRIMARY KEY (`id_usr`);

--
-- AUTO_INCREMENT for dumped tables
--

--
-- AUTO_INCREMENT for table `tb_departemen`
--
ALTER TABLE `tb_departemen`
  MODIFY `id_dpt` int(11) NOT NULL AUTO_INCREMENT, AUTO_INCREMENT=5;

--
-- AUTO_INCREMENT for table `tb_jenis_pelayanan`
--
ALTER TABLE `tb_jenis_pelayanan`
  MODIFY `id_plyn` int(11) NOT NULL AUTO_INCREMENT, AUTO_INCREMENT=3;

--
-- AUTO_INCREMENT for table `tb_kunjungan`
--
ALTER TABLE `tb_kunjungan`
  MODIFY `id_knj` int(11) NOT NULL AUTO_INCREMENT, AUTO_INCREMENT=26;

--
-- AUTO_INCREMENT for table `tb_petugas`
--
ALTER TABLE `tb_petugas`
  MODIFY `id_ptgs` int(11) NOT NULL AUTO_INCREMENT, AUTO_INCREMENT=5;

--
-- AUTO_INCREMENT for table `tb_poli`
--
ALTER TABLE `tb_poli`
  MODIFY `id_pl` int(11) NOT NULL AUTO_INCREMENT, AUTO_INCREMENT=10;

--
-- AUTO_INCREMENT for table `tb_user`
--
ALTER TABLE `tb_user`
  MODIFY `id_usr` int(11) NOT NULL AUTO_INCREMENT, AUTO_INCREMENT=8;
COMMIT;

/*!40101 SET CHARACTER_SET_CLIENT=@OLD_CHARACTER_SET_CLIENT */;
/*!40101 SET CHARACTER_SET_RESULTS=@OLD_CHARACTER_SET_RESULTS */;
/*!40101 SET COLLATION_CONNECTION=@OLD_COLLATION_CONNECTION */;
